"Ymd","Spots"
1818-01-31,75.8387096774194
1818-02-28,59.7142857142857
1818-03-31,64.0967741935484
1818-04-30,64.8666666666667
1818-05-31,87.2258064516129
1818-06-30,64.3333333333333
1818-07-31,58.1290322580645
1818-08-31,63
1818-09-30,58.8333333333333
1818-10-31,61.258064516129
1818-11-30,56.5333333333333
1818-12-31,65.6451612903226
1819-01-31,71.4193548387097
1819-02-28,65.0714285714286
1819-03-31,25.8064516129032
1819-04-30,45
1819-05-31,32.6129032258064
1819-06-30,63.8
1819-07-31,67.7096774193548
1819-08-31,52.1612903225806
1819-09-30,30.5333333333333
1819-10-31,56.3870967741936
1819-11-30,56.5333333333333
1819-12-31,61.9354838709677
1820-01-31,51.3548387096774
1820-02-29,63.8275862068966
1820-03-31,26.7096774193548
1820-04-30,50.5
1820-05-31,60.6451612903226
1820-06-30,28.6
1820-07-31,71.1935483870968
1820-08-31,60.6774193548387
1820-09-30,20.8666666666667
1820-10-31,25.7096774193548
1820-11-30,52.2
1820-12-31,47.4516129032258
1821-01-31,70.1290322580645
1821-02-28,17.7142857142857
1821-03-31,14.1935483870968
1821-04-30,41.9333333333333
1821-05-31,2.80645161290323
1821-06-30,5.6
1821-07-31,21.8064516129032
1821-08-31,19.9677419354839
1821-09-30,9.76666666666667
1821-10-31,36.2903225806452
1821-11-30,14.8
1821-12-31,0.419354838709677
1822-01-31,0
1822-02-28,1.5
1822-03-31,32.1935483870968
1822-04-30,29.7
1822-05-31,5
1822-06-30,11.7333333333333
1822-07-31,17.6774193548387
1822-08-31,3.41935483870968
1822-09-30,0
1822-10-31,0.580645161290323
1822-11-30,0
1822-12-31,2.64516129032258
1823-01-31,0
1823-02-28,0
1823-03-31,6.19354838709677
1823-04-30,0
1823-05-31,15.8709677419355
1823-06-30,19.1333333333333
1823-07-31,19.0967741935484
1823-08-31,10.5806451612903
1823-09-30,8.2
1823-10-31,29.0967741935484
1823-11-30,27.3333333333333
1823-12-31,54.1290322580645
1824-01-31,77.5483870967742
1824-02-29,82
1824-03-31,26.4516129032258
1824-04-30,68.7333333333333
1824-05-31,34.5806451612903
1824-06-30,13.6666666666667
1824-07-31,26.4516129032258
1824-08-31,43.4516129032258
1824-09-30,51.7666666666667
1824-10-31,49.741935483871
1824-11-30,32.8
1824-12-31,30
1825-01-31,13.1612903225806
1825-02-28,33.8928571428571
1825-03-31,43.1612903225806
1825-04-30,18.8666666666667
1825-05-31,36.6451612903226
1825-06-30,29.4
1825-07-31,52.4838709677419
1825-08-31,44.0322580645161
1825-09-30,33.6
1825-10-31,36.8387096774194
1825-11-30,44.5333333333333
1825-12-31,48.4193548387097
1826-01-31,46.3870967741936
1826-02-28,35.7857142857143
1826-03-31,63.3225806451613
1826-04-30,44.1666666666667
1826-05-31,54.8064516129032
1826-06-30,62.3333333333333
1826-07-31,87.3225806451613
1826-08-31,66.0322580645161
1826-09-30,31.5666666666667
1826-10-31,84.1935483870968
1826-11-30,70.1333333333333
1826-12-31,101.387096774194
1827-01-31,63.9677419354839
1827-02-28,79.3214285714286
1827-03-31,94.8709677419355
1827-04-30,77.2
1827-05-31,93.3870967741936
1827-06-30,92.7666666666667
1827-07-31,70.3870967741936
1827-08-31,88.9677419354839
1827-09-30,82.6333333333333
1827-10-31,92
1827-11-30,80.9
1827-12-31,77.8387096774194
1828-01-31,85.4838709677419
1828-02-29,101.172413793103
1828-03-31,102.483870967742
1828-04-30,101.2
1828-05-31,140
1828-06-30,152.533333333333
1828-07-31,90.3548387096774
1828-08-31,127.322580645161
1828-09-30,83.9333333333333
1828-10-31,89.6451612903226
1828-11-30,91.5
1828-12-31,80.1290322580645
1829-01-31,77.2903225806452
1829-02-28,82.2142857142857
1829-03-31,114.387096774194
1829-04-30,155.866666666667
1829-05-31,110.387096774194
1829-06-30,120.433333333333
1829-07-31,144.806451612903
1829-08-31,123.193548387097
1829-09-30,87.2333333333333
1829-10-31,91.9032258064516
1829-11-30,101.466666666667
1829-12-31,90.5806451612903
1830-01-31,84.741935483871
1830-02-28,106.464285714286
1830-03-31,120.032258064516
1830-04-30,164.6
1830-05-31,107.741935483871
1830-06-30,105.8
1830-07-31,74.5806451612903
1830-08-31,84.0967741935484
1830-09-30,99.1333333333333
1830-10-31,129.258064516129
1830-11-30,115.833333333333
1830-12-31,105
1831-01-31,79.9032258064516
1831-02-28,83.1785714285714
1831-03-31,141.483870967742
1831-04-30,89.9666666666667
1831-05-31,63.3870967741936
1831-06-30,58.2
1831-07-31,75.8387096774194
1831-08-31,90.6774193548387
1831-09-30,68.2333333333333
1831-10-31,78.3548387096774
1831-11-30,77.2666666666667
1831-12-31,65.6774193548387
1832-01-31,71.1612903225806
1832-02-29,90.4137931034483
1832-03-31,88.6774193548387
1832-04-30,48.5333333333333
1832-05-31,70.1290322580645
1832-06-30,54.5333333333333
1832-07-31,34.6451612903226
1832-08-31,14.7741935483871
1832-09-30,15.9333333333333
1832-10-31,44.258064516129
1832-11-30,47.1
1832-12-31,62.1612903225806
1833-01-31,37.0967741935484
1833-02-28,39.1785714285714
1833-03-31,43.741935483871
1833-04-30,12.3666666666667
1833-05-31,27.3225806451613
1833-06-30,1.66666666666667
1833-07-31,20.6774193548387
1833-08-31,11.8387096774194
1833-09-30,48.5666666666667
1833-10-31,16.9677419354839
1833-11-30,24.2
1833-12-31,41.9032258064516
1834-01-31,55.8064516129032
1834-02-28,44.9285714285714
1834-03-31,23.5483870967742
1834-04-30,15.6666666666667
1834-05-31,16.9354838709677
1834-06-30,17.6666666666667
1834-07-31,34.0322580645161
1834-08-31,11.4838709677419
1834-09-30,38.0333333333333
1834-10-31,55.7096774193548
1834-11-30,66.4666666666667
1834-12-31,70.1290322580645
1835-01-31,32.5806451612903
1835-02-28,59.8928571428571
1835-03-31,53.3548387096774
1835-04-30,91.5
1835-05-31,75.3225806451613
1835-06-30,66.8
1835-07-31,89.3870967741936
1835-08-31,83.0645161290323
1835-09-30,113.533333333333
1835-10-31,121.548387096774
1835-11-30,124.333333333333
1835-12-31,94.1935483870968
1836-01-31,118
1836-02-29,129
1836-03-31,113.612903225806
1836-04-30,165.2
1836-05-31,158.935483870968
1836-06-30,144.966666666667
1836-07-31,136.483870967742
1836-08-31,132.387096774194
1836-09-30,112.6
1836-10-31,134.129032258065
1836-11-30,125.833333333333
1836-12-31,115.774193548387
1837-01-31,156.645161290323
1837-02-28,179.785714285714
1837-03-31,137.096774193548
1837-04-30,131.433333333333
1837-05-31,132.354838709677
1837-06-30,190.833333333333
1837-07-31,136.935483870968
1837-08-31,132.193548387097
1837-09-30,131.633333333333
1837-10-31,154.096774193548
1837-11-30,104.5
1837-12-31,116.612903225806
1838-01-31,138.58064516129
1838-02-28,120.142857142857
1838-03-31,141.032258064516
1838-04-30,150.833333333333
1838-05-31,177.064516129032
1838-06-30,129.866666666667
1838-07-31,148.677419354839
1838-08-31,105.838709677419
1838-09-30,113.2
1838-10-31,117.870967741935
1838-11-30,107.166666666667
1838-12-31,105
1839-01-31,127.451612903226
1839-02-28,120.035714285714
1839-03-31,104.967741935484
1839-04-30,91.7666666666667
1839-05-31,87.3870967741936
1839-06-30,88.1
1839-07-31,129.806451612903
1839-08-31,157
1839-09-30,165.466666666667
1839-10-31,117.870967741935
1839-11-30,94
1839-12-31,89.0322580645161
1840-01-31,113.032258064516
1840-02-29,112.965517241379
1840-03-31,99.9677419354839
1840-04-30,101.466666666667
1840-05-31,105.677419354839
1840-06-30,81
1840-07-31,96.1290322580645
1840-08-31,93.1612903225806
1840-09-30,109.5
1840-10-31,87.9354838709677
1840-11-30,87.6
1840-12-31,87.3225806451613
1841-01-31,61.7096774193548
1841-02-28,59.0714285714286
1841-03-31,59
1841-04-30,67.9333333333333
1841-05-31,108.516129032258
1841-06-30,90.6
1841-07-31,55.3225806451613
1841-08-31,66.9677419354839
1841-09-30,62.3
1841-10-31,60.8064516129032
1841-11-30,49.2666666666667
1841-12-31,71.4838709677419
1842-01-31,51
1842-02-28,46.5
1842-03-31,45.0322580645161
1842-04-30,44.9333333333333
1842-05-31,41.3870967741936
1842-06-30,34.1666666666667
1842-07-31,21.0322580645161
1842-08-31,44.4193548387097
1842-09-30,34.0333333333333
1842-10-31,68.258064516129
1842-11-30,69.9
1842-12-31,56.4838709677419
1843-01-31,39.5483870967742
1843-02-28,43.9285714285714
1843-03-31,18.258064516129
1843-04-30,18.0333333333333
1843-05-31,36.6451612903226
1843-06-30,17.5666666666667
1843-07-31,15.8709677419355
1843-08-31,19.5806451612903
1843-09-30,6.93333333333333
1843-10-31,8.87096774193548
1843-11-30,36.7666666666667
1843-12-31,50.6129032258064
1844-01-31,30.6774193548387
1844-02-29,38.4137931034483
1844-03-31,41.7096774193548
1844-04-30,37.7666666666667
1844-05-31,31.3870967741935
1844-06-30,8.7
1844-07-31,38.2258064516129
1844-08-31,43.7741935483871
1844-09-30,18.6333333333333
1844-10-31,44.8064516129032
1844-11-30,47.8
1844-12-31,52.3225806451613
1845-01-31,60.4838709677419
1845-02-28,76.4285714285714
1845-03-31,74.9677419354839
1845-04-30,92.8666666666667
1845-05-31,79.9677419354839
1845-06-30,56.8666666666667
1845-07-31,58.0322580645161
1845-08-31,57.5161290322581
1845-09-30,53.7
1845-10-31,73.2903225806452
1845-11-30,69.5
1845-12-31,89.3225806451613
1846-01-31,71.3225806451613
1846-02-28,84.1428571428571
1846-03-31,99.3870967741936
1846-04-30,103.2
1846-05-31,94.1290322580645
1846-06-30,106.666666666667
1846-07-31,78.1935483870968
1846-08-31,89.8064516129032
1846-09-30,156.033333333333
1846-10-31,87.9032258064516
1846-11-30,91.9333333333333
1846-12-31,90.741935483871
1847-01-31,89.9354838709677
1847-02-28,79.4642857142857
1847-03-31,119.387096774194
1847-04-30,77.0333333333333
1847-05-31,118.677419354839
1847-06-30,132.133333333333
1847-07-31,86.0967741935484
1847-08-31,219.548387096774
1847-09-30,175.1
1847-10-31,216
1847-11-30,181.666666666667
1847-12-31,127.451612903226
1848-01-31,164.741935483871
1848-02-29,128.793103448276
1848-03-31,136.387096774194
1848-04-30,139.933333333333
1848-05-31,159.064516129032
1848-06-30,188.333333333333
1848-07-31,212.612903225806
1848-08-31,176.096774193548
1848-09-30,138.833333333333
1848-10-31,140.129032258065
1848-11-30,140.133333333333
1848-12-31,224.322580645161
1849-01-31,298.290322580645
1849-02-28,250.25
1849-03-31,182.741935483871
1849-04-30,194.7
1849-05-31,153.193548387097
1849-06-30,154.166666666667
1849-07-31,148.193548387097
1849-08-31,128.58064516129
1849-09-30,178.033333333333
1849-10-31,135.709677419355
1849-11-30,188.166666666667
1849-12-31,184.258064516129
1850-01-31,148.225806451613
1850-02-28,169.75
1850-03-31,156.838709677419
1850-04-30,83.8333333333333
1850-05-31,117.032258064516
1850-06-30,133
1850-07-31,74.3225806451613
1850-08-31,117.032258064516
1850-09-30,163.7
1850-10-31,134.903225806452
1850-11-30,104.1
1850-12-31,115.870967741935
1851-01-31,143.451612903226
1851-02-28,200.071428571429
1851-03-31,122.806451612903
1851-04-30,107.333333333333
1851-05-31,118.935483870968
1851-06-30,120
1851-07-31,68.6451612903226
1851-08-31,108.967741935484
1851-09-30,128.866666666667
1851-10-31,118.709677419355
1851-11-30,96.8
1851-12-31,135.483870967742
1852-01-31,129.870967741935
1852-02-29,126.206896551724
1852-03-31,116.225806451613
1852-04-30,124.266666666667
1852-05-31,104.322580645161
1852-06-30,89
1852-07-31,80
1852-08-31,75.3225806451613
1852-09-30,71.2
1852-10-31,127.935483870968
1852-11-30,103.066666666667
1852-12-31,86.1290322580645
1853-01-31,77.9032258064516
1853-02-28,81.4642857142857
1853-03-31,71.5806451612903
1853-04-30,90.4
1853-05-31,65.8709677419355
1853-06-30,75.9666666666667
1853-07-31,87.1935483870968
1853-08-31,95.8387096774194
1853-09-30,63.6666666666667
1853-10-31,80.4516129032258
1853-11-30,54.7333333333333
1853-12-31,44.5161290322581
1854-01-31,29.258064516129
1854-02-28,38.0357142857143
1854-03-31,39.3870967741936
1854-04-30,50.3
1854-05-31,45.6129032258064
1854-06-30,40.0666666666667
1854-07-31,35.4516129032258
1854-08-31,30.0645161290323
1854-09-30,42.6
1854-10-31,24.0645161290323
1854-11-30,53.5
1854-12-31,41.0967741935484
1855-01-31,23.3870967741935
1855-02-28,21.6071428571429
1855-03-31,33.0322580645161
1855-04-30,8.36666666666667
1855-05-31,17.2903225806452
1855-06-30,10
1855-07-31,0.67741935483871
1855-08-31,5.93548387096774
1855-09-30,0
1855-10-31,18.3225806451613
1855-11-30,7.93333333333333
1855-12-31,5.80645161290323
1856-01-31,0.967741935483871
1856-02-29,9.31034482758621
1856-03-31,0.741935483870968
1856-04-30,12.3666666666667
1856-05-31,0
1856-06-30,9.8
1856-07-31,8.80645161290323
1856-08-31,11.3225806451613
1856-09-30,8.43333333333333
1856-10-31,8.54838709677419
1856-11-30,14.7333333333333
1856-12-31,13.741935483871
1857-01-31,26.0322580645161
1857-02-28,14.2142857142857
1857-03-31,9.96774193548387
1857-04-30,21.0666666666667
1857-05-31,54.2258064516129
1857-06-30,30.4666666666667
1857-07-31,42.1612903225806
1857-08-31,32
1857-09-30,80.5666666666667
1857-10-31,77.0645161290323
1857-11-30,59.5666666666667
1857-12-31,70.6774193548387
1858-01-31,74.2258064516129
1858-02-28,66.25
1858-03-31,109.161290322581
1858-04-30,72.8
1858-05-31,78.6451612903226
1858-06-30,84.5
1858-07-31,107.741935483871
1858-08-31,104.935483870968
1858-09-30,152.2
1858-10-31,173.225806451613
1858-11-30,98.6
1858-12-31,127.032258064516
1859-01-31,159
1859-02-28,166.392857142857
1859-03-31,171.516129032258
1859-04-30,162.866666666667
1859-05-31,172.838709677419
1859-06-30,165.233333333333
1859-07-31,180.741935483871
1859-08-31,203
1859-09-30,200.866666666667
1859-10-31,217.774193548387
1859-11-30,184.633333333333
1859-12-31,153.935483870968
1860-01-31,156.645161290323
1860-02-29,167.896551724138
1860-03-31,187.967741935484
1860-04-30,135.666666666667
1860-05-31,203.483870967742
1860-06-30,206.333333333333
1860-07-31,221.903225806452
1860-08-31,190.483870967742
1860-09-30,175.2
1860-10-31,171.129032258065
1860-11-30,186.033333333333
1860-12-31,181.709677419355
1861-01-31,118.451612903226
1861-02-28,147.535714285714
1861-03-31,192.032258064516
1861-04-30,187.066666666667
1861-05-31,107.806451612903
1861-06-30,167.5
1861-07-31,148.225806451613
1861-08-31,156.709677419355
1861-09-30,151.866666666667
1861-10-31,127.677419354839
1861-11-30,102
1861-12-31,152.838709677419
1862-01-31,119.903225806452
1862-02-28,122.428571428571
1862-03-31,82.6774193548387
1862-04-30,102.1
1862-05-31,122.41935483871
1862-06-30,159.7
1862-07-31,139.451612903226
1862-08-31,118.677419354839
1862-09-30,126.433333333333
1862-10-31,79.7741935483871
1862-11-30,96.0333333333333
1862-12-31,77.6129032258064
1863-01-31,91.7741935483871
1863-02-28,107.678571428571
1863-03-31,126
1863-04-30,77.1
1863-05-31,102.129032258065
1863-06-30,77.5666666666667
1863-07-31,62.0322580645161
1863-08-31,91.258064516129
1863-09-30,41.7333333333333
1863-10-31,75.741935483871
1863-11-30,71.6
1863-12-31,78.1290322580645
1864-01-31,109.677419354839
1864-02-29,89.4827586206897
1864-03-31,125.935483870968
1864-04-30,68.1
1864-05-31,77.0967741935484
1864-06-30,109.866666666667
1864-07-31,103.838709677419
1864-08-31,104.064516129032
1864-09-30,54.1666666666667
1864-10-31,64.3870967741936
1864-11-30,109.333333333333
1864-12-31,54.3225806451613
1865-01-31,92.5161290322581
1865-02-28,74.6071428571429
1865-03-31,74.9677419354839
1865-04-30,55.9333333333333
1865-05-31,65.6129032258064
1865-06-30,63.7666666666667
1865-07-31,50.8064516129032
1865-08-31,71.8387096774194
1865-09-30,41.0333333333333
1865-10-31,32.5483870967742
1865-11-30,46.6666666666667
1865-12-31,24.2903225806452
1866-01-31,60
1866-02-28,72.9285714285714
1866-03-31,46.5806451612903
1866-04-30,33.5333333333333
1866-05-31,24.6451612903226
1866-06-30,31.3666666666667
1866-07-31,17.6451612903226
1866-08-31,24.2258064516129
1866-09-30,13.9333333333333
1866-10-31,26.7741935483871
1866-11-30,17.1666666666667
1866-12-31,2.90322580645161
1867-01-31,0
1867-02-28,1.35714285714286
1867-03-31,17.4193548387097
1867-04-30,9.66666666666667
1867-05-31,5.54838709677419
1867-06-30,2.8
1867-07-31,9.45161290322581
1867-08-31,9.06451612903226
1867-09-30,18.7
1867-10-31,25.4838709677419
1867-11-30,18.1333333333333
1867-12-31,47.8709677419355
1868-01-31,25.9032258064516
1868-02-29,26.3448275862069
1868-03-31,44.0322580645161
1868-04-30,61.1
1868-05-31,44.5161290322581
1868-06-30,51.8
1868-07-31,48.3225806451613
1868-08-31,57.2903225806452
1868-09-30,78.6666666666667
1868-10-31,102.774193548387
1868-11-30,98.6666666666667
1868-12-31,112.774193548387
1869-01-31,101.612903225806
1869-02-28,99.8928571428571
1869-03-31,87.9677419354839
1869-04-30,68.4333333333333
1869-05-31,173.387096774194
1869-06-30,180.7
1869-07-31,98.8064516129032
1869-08-31,132.741935483871
1869-09-30,134.466666666667
1869-10-31,99.0322580645161
1869-11-30,130.233333333333
1869-12-31,174.129032258065
1870-01-31,128.967741935484
1870-02-28,191.678571428571
1870-03-31,262.677419354839
1870-04-30,266.9
1870-05-31,293.58064516129
1870-06-30,226.3
1870-07-31,220.935483870968
1870-08-31,256.548387096774
1870-09-30,226.8
1870-10-31,244.258064516129
1870-11-30,246.033333333333
1870-12-31,216.709677419355
1871-01-31,147.193548387097
1871-02-28,208.964285714286
1871-03-31,238.741935483871
1871-04-30,270.9
1871-05-31,242.612903225806
1871-06-30,152.933333333333
1871-07-31,171.806451612903
1871-08-31,183.709677419355
1871-09-30,133.866666666667
1871-10-31,148.483870967742
1871-11-30,175.666666666667
1871-12-31,150.774193548387
1872-01-31,132.677419354839
1872-02-29,200.344827586207
1872-03-31,147.483870967742
1872-04-30,170.433333333333
1872-05-31,179.451612903226
1872-06-30,183.333333333333
1872-07-31,175.967741935484
1872-08-31,155.032258064516
1872-09-30,191.1
1872-10-31,171.161290322581
1872-11-30,186.8
1872-12-31,139.870967741935
1873-01-31,144.58064516129
1873-02-28,178.428571428571
1873-03-31,164.032258064516
1873-04-30,127.1
1873-05-31,79.9677419354839
1873-06-30,74.8
1873-07-31,111.677419354839
1873-08-31,113.774193548387
1873-09-30,78.7
1873-10-31,78.6129032258064
1873-11-30,92.4666666666667
1873-12-31,82.0322580645161
1874-01-31,101.387096774194
1874-02-28,107.142857142857
1874-03-31,77.5161290322581
1874-04-30,53.5333333333333
1874-05-31,74.5806451612903
1874-06-30,63.7666666666667
1874-07-31,113.225806451613
1874-08-31,102.258064516129
1874-09-30,46.8333333333333
1874-10-31,57.4193548387097
1874-11-30,48.2
1874-12-31,48.7741935483871
1875-01-31,24.4193548387097
1875-02-28,35.8571428571429
1875-03-31,56.3870967741936
1875-04-30,48.6
1875-05-31,19.2258064516129
1875-06-30,39.9333333333333
1875-07-31,20.9032258064516
1875-08-31,24.4193548387097
1875-09-30,3.96666666666667
1875-10-31,21.3225806451613
1875-11-30,29.5666666666667
1875-12-31,16.4838709677419
1876-01-31,23.9354838709677
1876-02-29,25.1379310344828
1876-03-31,51.0645161290323
1876-04-30,3.93333333333333
1876-05-31,8.51612903225806
1876-06-30,2.73333333333333
1876-07-31,25.5483870967742
1876-08-31,14.7741935483871
1876-09-30,16.6
1876-10-31,23.8709677419355
1876-11-30,16.5666666666667
1876-12-31,13.6451612903226
1877-01-31,40.6451612903226
1877-02-28,14.5
1877-03-31,19.8709677419355
1877-04-30,26.2666666666667
1877-05-31,36.0645161290323
1877-06-30,23.5666666666667
1877-07-31,10.0322580645161
1877-08-31,10.5161290322581
1877-09-30,28.1333333333333
1877-10-31,11.1612903225806
1877-11-30,23.6333333333333
1877-12-31,3.54838709677419
1878-01-31,5.54838709677419
1878-02-28,11.0357142857143
1878-03-31,13.0645161290323
1878-04-30,0.166666666666667
1878-05-31,9.87096774193548
1878-06-30,10.7
1878-07-31,0.225806451612903
1878-08-31,0
1878-09-30,8.8
1878-10-31,1.90322580645161
1878-11-30,6.8
1878-12-31,0.935483870967742
1879-01-31,1.64516129032258
1879-02-28,0.928571428571429
1879-03-31,0
1879-04-30,10.4
1879-05-31,4.03225806451613
1879-06-30,7.96666666666667
1879-07-31,12.5806451612903
1879-08-31,17.9032258064516
1879-09-30,10.0666666666667
1879-10-31,20.4193548387097
1879-11-30,21.8666666666667
1879-12-31,12.1935483870968
1880-01-31,40.1290322580645
1880-02-29,45.3793103448276
1880-03-31,32.0967741935484
1880-04-30,32.4333333333333
1880-05-31,39.0967741935484
1880-06-30,56.9
1880-07-31,36.5483870967742
1880-08-31,80.258064516129
1880-09-30,110.066666666667
1880-10-31,71.6774193548387
1880-11-30,51.1333333333333
1880-12-31,49.3870967741936
1881-01-31,60.6129032258064
1881-02-28,88.6071428571429
1881-03-31,85.7741935483871
1881-04-30,86.0666666666667
1881-05-31,72.5483870967742
1881-06-30,100.8
1881-07-31,128.161290322581
1881-08-31,97.2903225806452
1881-09-30,88.5666666666667
1881-10-31,107.258064516129
1881-11-30,91.4666666666667
1881-12-31,78.8387096774194
1882-01-31,74.9677419354839
1882-02-28,115.857142857143
1882-03-31,111.483870967742
1882-04-30,159.566666666667
1882-05-31,106.903225806452
1882-06-30,75.4333333333333
1882-07-31,75.6774193548387
1882-08-31,67.4516129032258
1882-09-30,96.0666666666667
1882-10-31,98.6451612903226
1882-11-30,140.566666666667
1882-12-31,69.7096774193548
1883-01-31,101.032258064516
1883-02-28,78.2142857142857
1883-03-31,71.3225806451613
1883-04-30,136.766666666667
1883-05-31,52.5161290322581
1883-06-30,127.233333333333
1883-07-31,134.354838709677
1883-08-31,76.6129032258064
1883-09-30,87.7666666666667
1883-10-31,139.612903225806
1883-11-30,140.8
1883-12-31,126.483870967742
1884-01-31,152.58064516129
1884-02-29,144.827586206897
1884-03-31,145.774193548387
1884-04-30,126.9
1884-05-31,110.903225806452
1884-06-30,85.3333333333333
1884-07-31,88.4516129032258
1884-08-31,93.0645161290323
1884-09-30,103.133333333333
1884-10-31,79.5806451612903
1884-11-30,60.9333333333333
1884-12-31,78.5806451612903
1885-01-31,71.3870967741936
1885-02-28,119.678571428571
1885-03-31,82.9354838709677
1885-04-30,91.7
1885-05-31,121.645161290323
1885-06-30,139.466666666667
1885-07-31,110.870967741935
1885-08-31,83.4516129032258
1885-09-30,66.0333333333333
1885-10-31,64.5161290322581
1885-11-30,51.5666666666667
1885-12-31,36.258064516129
1886-01-31,49.8387096774194
1886-02-28,43.1785714285714
1886-03-31,95.4838709677419
1886-04-30,72.9
1886-05-31,51.2258064516129
1886-06-30,45.3
1886-07-31,50.3870967741936
1886-08-31,28.0645161290323
1886-09-30,35.6666666666667
1886-10-31,14.4193548387097
1886-11-30,0.566666666666667
1886-12-31,21.741935483871
1887-01-31,17
1887-02-28,21.9642857142857
1887-03-31,7.06451612903226
1887-04-30,11.5666666666667
1887-05-31,33.3870967741936
1887-06-30,26.1
1887-07-31,38.9032258064516
1887-08-31,35.7096774193548
1887-09-30,12.4
1887-10-31,10.9677419354839
1887-11-30,11.5
1887-12-31,34.5161290322581
1888-01-31,21.1612903225806
1888-02-29,11.7931034482759
1888-03-31,13.0645161290323
1888-04-30,8.46666666666667
1888-05-31,11.741935483871
1888-06-30,11.7666666666667
1888-07-31,5.03225806451613
1888-08-31,4.64516129032258
1888-09-30,14.5666666666667
1888-10-31,3.41935483870968
1888-11-30,17.8666666666667
1888-12-31,11.0967741935484
1889-01-31,1.32258064516129
1889-02-28,14.1785714285714
1889-03-31,11.1290322580645
1889-04-30,7.33333333333333
1889-05-31,3.96774193548387
1889-06-30,10.7666666666667
1889-07-31,15.7741935483871
1889-08-31,34.2903225806452
1889-09-30,10.8666666666667
1889-10-31,3.41935483870968
1889-11-30,0.3
1889-12-31,11.1935483870968
1890-01-31,8.83870967741935
1890-02-28,1.07142857142857
1890-03-31,8.48387096774194
1890-04-30,2.66666666666667
1890-05-31,7.93548387096774
1890-06-30,2.2
1890-07-31,19.3225806451613
1890-08-31,14.1612903225806
1890-09-30,28.6333333333333
1890-10-31,18.6129032258065
1890-11-30,15.9333333333333
1890-12-31,13.0645161290323
1891-01-31,22.5483870967742
1891-02-28,36.9285714285714
1891-03-31,17.1935483870968
1891-04-30,34.2333333333333
1891-05-31,68.4838709677419
1891-06-30,80.4333333333333
1891-07-31,98
1891-08-31,55.0645161290323
1891-09-30,89.7333333333333
1891-10-31,86
1891-11-30,69.8333333333333
1891-12-31,54.258064516129
1892-01-31,115.225806451613
1892-02-29,126.068965517241
1892-03-31,83.258064516129
1892-04-30,116.033333333333
1892-05-31,132.709677419355
1892-06-30,127.3
1892-07-31,127.58064516129
1892-08-31,169
1892-09-30,104.666666666667
1892-10-31,117.483870967742
1892-11-30,108.9
1892-12-31,131.032258064516
1893-01-31,125
1893-02-28,121.642857142857
1893-03-31,109.548387096774
1893-04-30,146.8
1893-05-31,141.290322580645
1893-06-30,149.833333333333
1893-07-31,147.58064516129
1893-08-31,215.354838709677
1893-09-30,129.866666666667
1893-10-31,133.258064516129
1893-11-30,125.2
1893-12-31,156.354838709677
1894-01-31,138.612903225806
1894-02-28,141.035714285714
1894-03-31,87.0967741935484
1894-04-30,136.033333333333
1894-05-31,168.677419354839
1894-06-30,164.8
1894-07-31,176.677419354839
1894-08-31,117.096774193548
1894-09-30,110
1894-10-31,125.677419354839
1894-11-30,94.3
1894-12-31,100.129032258065
1895-01-31,105.41935483871
1895-02-28,112
1895-03-31,101.612903225806
1895-04-30,128.2
1895-05-31,112.451612903226
1895-06-30,119.133333333333
1895-07-31,79.6774193548387
1895-08-31,114.935483870968
1895-09-30,96.1333333333333
1895-10-31,113.161290322581
1895-11-30,78.6333333333333
1895-12-31,117.870967741935
1896-01-31,48.3548387096774
1896-02-29,95.6896551724138
1896-03-31,86.4838709677419
1896-04-30,73
1896-05-31,46.0967741935484
1896-06-30,81.7
1896-07-31,75.1612903225806
1896-08-31,45.4193548387097
1896-09-30,102.2
1896-10-31,47.8709677419355
1896-11-30,63.3333333333333
1896-12-31,71
1897-01-31,67.6451612903226
1897-02-28,48.9642857142857
1897-03-31,48.6774193548387
1897-04-30,51.6666666666667
1897-05-31,33.258064516129
1897-06-30,18.9333333333333
1897-07-31,46.0645161290323
1897-08-31,36.3548387096774
1897-09-30,80.3666666666667
1897-10-31,23.9032258064516
1897-11-30,14
1897-12-31,55.4516129032258
1898-01-31,50.3548387096774
1898-02-28,60.6785714285714
1898-03-31,63.8709677419355
1898-04-30,24.2
1898-05-31,43
1898-06-30,37.1333333333333
1898-07-31,15.0322580645161
1898-08-31,52.2903225806452
1898-09-30,58.0666666666667
1898-10-31,57.1290322580645
1898-11-30,51.6
1898-12-31,21.0645161290323
1899-01-31,32.3870967741936
1899-02-28,15.3214285714286
1899-03-31,30.258064516129
1899-04-30,23.6333333333333
1899-05-31,12.9032258064516
1899-06-30,34.1333333333333
1899-07-31,22.5483870967742
1899-08-31,4.90322580645161
1899-09-30,14
1899-10-31,21.7096774193548
1899-11-30,13.0333333333333
1899-12-31,17.5806451612903
1900-01-31,15.6774193548387
1900-02-28,22.8214285714286
1900-03-31,14.3548387096774
1900-04-30,26.7666666666667
1900-05-31,25.3225806451613
1900-06-30,20.1333333333333
1900-07-31,13.9354838709677
1900-08-31,7.12903225806452
1900-09-30,13.8666666666667
1900-10-31,21.6129032258065
1900-11-30,7.53333333333333
1900-12-31,0.483870967741935
1901-01-31,0.387096774193548
1901-02-28,4.03571428571429
1901-03-31,7.38709677419355
1901-04-30,0
1901-05-31,17
1901-06-30,9.66666666666667
1901-07-31,1.16129032258065
1901-08-31,1.70967741935484
1901-09-30,0.933333333333333
1901-10-31,6.25806451612903
1901-11-30,6.4
1901-12-31,0
1902-01-31,9.29032258064516
1902-02-28,0
1902-03-31,20.6774193548387
1902-04-30,0
1902-05-31,4.67741935483871
1902-06-30,2.4
1902-07-31,1.51612903225806
1902-08-31,3.7741935483871
1902-09-30,12.6333333333333
1902-10-31,27.1935483870968
1902-11-30,17.1666666666667
1902-12-31,1.80645161290323
1903-01-31,13.8709677419355
1903-02-28,28.4285714285714
1903-03-31,22.4838709677419
1903-04-30,43.5333333333333
1903-05-31,24.3225806451613
1903-06-30,27.2
1903-07-31,46.3548387096774
1903-08-31,48
1903-09-30,18.5
1903-10-31,64.7741935483871
1903-11-30,74.2333333333333
1903-12-31,76.1612903225806
1904-01-31,52.6129032258064
1904-02-29,40.7931034482759
1904-03-31,61.9354838709677
1904-04-30,71.6333333333333
1904-05-31,65.741935483871
1904-06-30,69.8
1904-07-31,84.258064516129
1904-08-31,97.0967741935484
1904-09-30,50.1666666666667
1904-10-31,90.3548387096774
1904-11-30,63.3666666666667
1904-12-31,91.0967741935484
1905-01-31,91.1935483870968
1905-02-28,143
1905-03-31,94.258064516129
1905-04-30,65.5
1905-05-31,79.9354838709677
1905-06-30,81.5666666666667
1905-07-31,121.645161290323
1905-08-31,98.1290322580645
1905-09-30,91.7666666666667
1905-10-31,131.161290322581
1905-11-30,178.666666666667
1905-12-31,92.5483870967742
1906-01-31,75.8064516129032
1906-02-28,52.25
1906-03-31,107.41935483871
1906-04-30,92.1666666666667
1906-05-31,96.2258064516129
1906-06-30,105.266666666667
1906-07-31,172.677419354839
1906-08-31,79.5806451612903
1906-09-30,93.4666666666667
1906-10-31,29.741935483871
1906-11-30,64.8333333333333
1906-12-31,107.967741935484
1907-01-31,127.354838709677
1907-02-28,180.25
1907-03-31,101.129032258065
1907-04-30,87.6
1907-05-31,71.4193548387097
1907-06-30,67.1666666666667
1907-07-31,82.8709677419355
1907-08-31,90.4516129032258
1907-09-30,141.666666666667
1907-10-31,109.064516129032
1907-11-30,102.466666666667
1907-12-31,78.9032258064516
1908-01-31,65.3548387096774
1908-02-29,56.6206896551724
1908-03-31,47.8709677419355
1908-04-30,96.0666666666667
1908-05-31,68.0322580645161
1908-06-30,80.1666666666667
1908-07-31,65.8064516129032
1908-08-31,150.935483870968
1908-09-30,144.9
1908-10-31,53.9354838709677
1908-11-30,75.8666666666667
1908-12-31,65.9354838709677
1909-01-31,94.6451612903226
1909-02-28,77.6071428571429
1909-03-31,110.516129032258
1909-04-30,53.7
1909-05-31,59.9677419354839
1909-06-30,37.7666666666667
1909-07-31,59.6451612903226
1909-08-31,38.5161290322581
1909-09-30,64.7
1909-10-31,97.3548387096774
1909-11-30,92.9666666666667
1909-12-31,90.2258064516129
1910-01-31,44.0322580645161
1910-02-28,52.5
1910-03-31,35.7096774193548
1910-04-30,14.0666666666667
1910-05-31,36.9354838709677
1910-06-30,20.4666666666667
1910-07-31,23.5483870967742
1910-08-31,19.258064516129
1910-09-30,43.7333333333333
1910-10-31,63.8709677419355
1910-11-30,8.26666666666667
1910-12-31,9.61290322580645
1911-01-31,5.58064516129032
1911-02-28,15.0357142857143
1911-03-31,13
1911-04-30,27.6333333333333
1911-05-31,15.1290322580645
1911-06-30,3.73333333333333
1911-07-31,5.93548387096774
1911-08-31,6.74193548387097
1911-09-30,6.66666666666667
1911-10-31,4.45161290322581
1911-11-30,6.96666666666667
1911-12-31,3.70967741935484
1912-01-31,0.419354838709677
1912-02-29,0
1912-03-31,8.2258064516129
1912-04-30,7.56666666666667
1912-05-31,7.41935483870968
1912-06-30,6.93333333333333
1912-07-31,4.90322580645161
1912-08-31,0.483870967741935
1912-09-30,15.9333333333333
1912-10-31,7.64516129032258
1912-11-30,1.9
1912-12-31,10.6451612903226
1913-01-31,3.7741935483871
1913-02-28,4.78571428571429
1913-03-31,0.774193548387097
1913-04-30,1.56666666666667
1913-05-31,0
1913-06-30,0
1913-07-31,2.90322580645161
1913-08-31,0.387096774193548
1913-09-30,1.96666666666667
1913-10-31,5.19354838709677
1913-11-30,1.16666666666667
1913-12-31,6.32258064516129
1914-01-31,4.70967741935484
1914-02-28,4.42857142857143
1914-03-31,5.25806451612903
1914-04-30,28.9
1914-05-31,8.74193548387097
1914-06-30,19.0666666666667
1914-07-31,9.06451612903226
1914-08-31,12.9032258064516
1914-09-30,21.2333333333333
1914-10-31,13.6774193548387
1914-11-30,27.3
1914-12-31,37.258064516129
1915-01-31,38.4838709677419
1915-02-28,70.3571428571429
1915-03-31,64.7741935483871
1915-04-30,68.8666666666667
1915-05-31,55.0967741935484
1915-06-30,114.733333333333
1915-07-31,119.41935483871
1915-08-31,116.032258064516
1915-09-30,82.4333333333333
1915-10-31,89.1290322580645
1915-11-30,70.9333333333333
1915-12-31,57.4838709677419
1916-01-31,75.5161290322581
1916-02-29,92.3793103448276
1916-03-31,111.677419354839
1916-04-30,119.766666666667
1916-05-31,123.967741935484
1916-06-30,112.9
1916-07-31,89.3225806451613
1916-08-31,58.5806451612903
1916-09-30,75.0666666666667
1916-10-31,84.5483870967742
1916-11-30,109.466666666667
1916-12-31,88.258064516129
1917-01-31,124.548387096774
1917-02-28,119.857142857143
1917-03-31,158
1917-04-30,124.6
1917-05-31,190.225806451613
1917-06-30,191.433333333333
1917-07-31,199.741935483871
1917-08-31,257.709677419355
1917-09-30,215.566666666667
1917-10-31,120.322580645161
1917-11-30,160.733333333333
1917-12-31,215.516129032258
1918-01-31,159.967741935484
1918-02-28,108.714285714286
1918-03-31,120.41935483871
1918-04-30,134.133333333333
1918-05-31,127.870967741935
1918-06-30,99
1918-07-31,179.451612903226
1918-08-31,169.645161290323
1918-09-30,133.2
1918-10-31,141.709677419355
1918-11-30,138.966666666667
1918-12-31,98.5483870967742
1919-01-31,80.1612903225806
1919-02-28,132.464285714286
1919-03-31,110.870967741935
1919-04-30,86.3333333333333
1919-05-31,146.870967741935
1919-06-30,185.266666666667
1919-07-31,107.838709677419
1919-08-31,115.064516129032
1919-09-30,91.1333333333333
1919-10-31,87.9677419354839
1919-11-30,69.9
1919-12-31,58
1920-01-31,85.258064516129
1920-02-29,89.8275862068966
1920-03-31,116.903225806452
1920-04-30,24.6666666666667
1920-05-31,55.4193548387097
1920-06-30,64.5666666666667
1920-07-31,45.7096774193548
1920-08-31,31.9354838709677
1920-09-30,60.5333333333333
1920-10-31,82.7096774193548
1920-11-30,45.3
1920-12-31,49.8387096774194
1921-01-31,52.5483870967742
1921-02-28,47.1428571428571
1921-03-31,44.4838709677419
1921-04-30,53.9666666666667
1921-05-31,37
1921-06-30,56.1666666666667
1921-07-31,69.741935483871
1921-08-31,37.9677419354839
1921-09-30,29.6
1921-10-31,30.3225806451613
1921-11-30,29.6
1921-12-31,33.9032258064516
1922-01-31,19.741935483871
1922-02-28,43.9285714285714
1922-03-31,91.258064516129
1922-04-30,18.3333333333333
1922-05-31,13.3548387096774
1922-06-30,9.8
1922-07-31,18.2903225806452
1922-08-31,10.9354838709677
1922-09-30,7.8
1922-10-31,10.3548387096774
1922-11-30,12.2333333333333
1922-12-31,29.0322580645161
1923-01-31,7.54838709677419
1923-02-28,2.5
1923-03-31,5.48387096774194
1923-04-30,10.2333333333333
1923-05-31,5.32258064516129
1923-06-30,15.2666666666667
1923-07-31,5.93548387096774
1923-08-31,0.806451612903226
1923-09-30,22.1333333333333
1923-10-31,19.4838709677419
1923-11-30,16.7333333333333
1923-12-31,4.64516129032258
1924-01-31,0.806451612903226
1924-02-29,8.48275862068965
1924-03-31,3
1924-04-30,18.9333333333333
1924-05-31,34.6129032258064
1924-06-30,39.9666666666667
1924-07-31,46.9354838709677
1924-08-31,32.1290322580645
1924-09-30,41.9
1924-10-31,42.6129032258064
1924-11-30,37.5
1924-12-31,27.4838709677419
1925-01-31,9.09677419354839
1925-02-28,38.6071428571429
1925-03-31,29.9677419354839
1925-04-30,52.9666666666667
1925-05-31,71.3548387096774
1925-06-30,79.0666666666667
1925-07-31,64.1935483870968
1925-08-31,63.258064516129
1925-09-30,100.3
1925-10-31,115.322580645161
1925-11-30,97.6
1925-12-31,164.387096774194
1926-01-31,119.709677419355
1926-02-28,116.428571428571
1926-03-31,104.193548387097
1926-04-30,64.1666666666667
1926-05-31,107
1926-06-30,122.366666666667
1926-07-31,87.2258064516129
1926-08-31,102.709677419355
1926-09-30,101.433333333333
1926-10-31,119.258064516129
1926-11-30,100.833333333333
1926-12-31,132.387096774194
1927-01-31,136
1927-02-28,155.071428571429
1927-03-31,116.064516129032
1927-04-30,155.833333333333
1927-05-31,131.903225806452
1927-06-30,98.5
1927-07-31,91.5806451612903
1927-08-31,89.6451612903226
1927-09-30,114.066666666667
1927-10-31,105.193548387097
1927-11-30,112.1
1927-12-31,75.2903225806452
1928-01-31,139.225806451613
1928-02-29,122.448275862069
1928-03-31,142.41935483871
1928-04-30,134.333333333333
1928-05-31,128.258064516129
1928-06-30,152.4
1928-07-31,163.387096774194
1928-08-31,139.58064516129
1928-09-30,149.566666666667
1928-10-31,102.258064516129
1928-11-30,83.9333333333333
1928-12-31,98.3225806451613
1929-01-31,114.774193548387
1929-02-28,104.678571428571
1929-03-31,83.7741935483871
1929-04-30,87.9333333333333
1929-05-31,97
1929-06-30,119.866666666667
1929-07-31,117.129032258065
1929-08-31,109.612903225806
1929-09-30,57.2666666666667
1929-10-31,90.0967741935484
1929-11-30,135.133333333333
1929-12-31,179.935483870968
1930-01-31,108.838709677419
1930-02-28,83.1428571428571
1930-03-31,58.3870967741936
1930-04-30,63.7
1930-05-31,61.3870967741936
1930-06-30,48
1930-07-31,36.5483870967742
1930-08-31,41.5161290322581
1930-09-30,53.5333333333333
1930-10-31,57.2258064516129
1930-11-30,59.3666666666667
1930-12-31,43
1931-01-31,24.4193548387097
1931-02-28,71.8214285714286
1931-03-31,50.0645161290323
1931-04-30,51.9666666666667
1931-05-31,40.8064516129032
1931-06-30,25.5
1931-07-31,29
1931-08-31,21.6129032258065
1931-09-30,31.7
1931-10-31,16.5806451612903
1931-11-30,31.2
1931-12-31,29.6774193548387
1932-01-31,20.0645161290323
1932-02-29,17.6206896551724
1932-03-31,18.8064516129032
1932-04-30,18.6666666666667
1932-05-31,29.741935483871
1932-06-30,36.9333333333333
1932-07-31,16.0322580645161
1932-08-31,11.3225806451613
1932-09-30,6.6
1932-10-31,14.7741935483871
1932-11-30,13.7
1932-12-31,18.4516129032258
1933-01-31,20.3870967741935
1933-02-28,36.8928571428571
1933-03-31,16.8387096774194
1933-04-30,4.9
1933-05-31,5.25806451612903
1933-06-30,8.66666666666667
1933-07-31,4.70967741935484
1933-08-31,0.387096774193548
1933-09-30,8.5
1933-10-31,5
1933-11-30,1
1933-12-31,0.419354838709677
1934-01-31,5.67741935483871
1934-02-28,12.9285714285714
1934-03-31,7.19354838709677
1934-04-30,18.8
1934-05-31,32.9032258064516
1934-06-30,11.1666666666667
1934-07-31,15.3225806451613
1934-08-31,13.9032258064516
1934-09-30,6.7
1934-10-31,9.54838709677419
1934-11-30,14.4666666666667
1934-12-31,25.6774193548387
1935-01-31,31.0967741935484
1935-02-28,34.1428571428571
1935-03-31,38.4838709677419
1935-04-30,20.3666666666667
1935-05-31,45.3870967741936
1935-06-30,76.1666666666667
1935-07-31,56.4838709677419
1935-08-31,50.2258064516129
1935-09-30,70.1
1935-10-31,88.741935483871
1935-11-30,107
1935-12-31,102.451612903226
1936-01-31,104.677419354839
1936-02-29,123.896551724138
1936-03-31,128.41935483871
1936-04-30,124.8
1936-05-31,90.9354838709677
1936-06-30,116.7
1936-07-31,87.1612903225806
1936-08-31,144.967741935484
1936-09-30,126.666666666667
1936-10-31,148.225806451613
1936-11-30,192.3
1936-12-31,205.612903225806
1937-01-31,220.870967741935
1937-02-28,214.071428571429
1937-03-31,139.741935483871
1937-04-30,182.166666666667
1937-05-31,194.387096774194
1937-06-30,217.133333333333
1937-07-31,241.806451612903
1937-08-31,229.483870967742
1937-09-30,167.866666666667
1937-10-31,208.161290322581
1937-11-30,123.933333333333
1937-12-31,147.935483870968
1938-01-31,163.967741935484
1938-02-28,198.642857142857
1938-03-31,144.161290322581
1938-04-30,168.366666666667
1938-05-31,212.290322580645
1938-06-30,162.633333333333
1938-07-31,275.612903225806
1938-08-31,192.806451612903
1938-09-30,149.333333333333
1938-10-31,165.258064516129
1938-11-30,203.6
1938-12-31,154.741935483871
1939-01-31,133.870967741935
1939-02-28,129
1939-03-31,107.774193548387
1939-04-30,181.9
1939-05-31,197.322580645161
1939-06-30,168.3
1939-07-31,162.645161290323
1939-08-31,176.322580645161
1939-09-30,187.7
1939-10-31,146.903225806452
1939-11-30,113.666666666667
1939-12-31,70.1612903225806
1940-01-31,84.0967741935484
1940-02-29,99.0689655172414
1940-03-31,138.870967741935
1940-04-30,101.066666666667
1940-05-31,90.6129032258064
1940-06-30,139.8
1940-07-31,112.483870967742
1940-08-31,175.870967741935
1940-09-30,110.766666666667
1940-10-31,91.5483870967742
1940-11-30,97.4
1940-12-31,113.774193548387
1941-01-31,76.1290322580645
1941-02-28,74.2857142857143
1941-03-31,77.4516129032258
1941-04-30,54.5666666666667
1941-05-31,49.0322580645161
1941-06-30,99.6333333333333
1941-07-31,111.41935483871
1941-08-31,100.129032258065
1941-09-30,109.8
1941-10-31,77.1935483870968
1941-11-30,64
1941-12-31,56.1935483870968
1942-01-31,59.4838709677419
1942-02-28,87.9285714285714
1942-03-31,90.3870967741936
1942-04-30,101.233333333333
1942-05-31,41.7741935483871
1942-06-30,18.9
1942-07-31,29.6129032258065
1942-08-31,33.741935483871
1942-09-30,28.6666666666667
1942-10-31,32
1942-11-30,51.2666666666667
1942-12-31,37.6129032258064
1943-01-31,20.741935483871
1943-02-28,48.1071428571429
1943-03-31,45.741935483871
1943-04-30,43.5333333333333
1943-05-31,23.5806451612903
1943-06-30,12.7333333333333
1943-07-31,22
1943-08-31,32.3225806451613
1943-09-30,16.7333333333333
1943-10-31,12.9677419354839
1943-11-30,17.0333333333333
1943-12-31,31.3548387096774
1944-01-31,6.09677419354839
1944-02-29,0.827586206896552
1944-03-31,18.258064516129
1944-04-30,0.433333333333333
1944-05-31,4.09677419354839
1944-06-30,8.23333333333333
1944-07-31,8.45161290322581
1944-08-31,27.9032258064516
1944-09-30,23.7333333333333
1944-10-31,28.0645161290323
1944-11-30,17.9333333333333
1944-12-31,47.3548387096774
1945-01-31,30.7741935483871
1945-02-28,21.2142857142857
1945-03-31,35.8709677419355
1945-04-30,53.3666666666667
1945-05-31,51
1945-06-30,60.2333333333333
1945-07-31,71
1945-08-31,43.0967741935484
1945-09-30,58.1333333333333
1945-10-31,114.548387096774
1945-11-30,76.6
1945-12-31,45.7096774193548
1946-01-31,79.3225806451613
1946-02-28,143.785714285714
1946-03-31,127.741935483871
1946-04-30,126.133333333333
1946-05-31,141.612903225806
1946-06-30,122.566666666667
1946-07-31,193.677419354839
1946-08-31,178.677419354839
1946-09-30,157.4
1946-10-31,170.548387096774
1946-11-30,206.266666666667
1946-12-31,202.870967741935
1947-01-31,163.709677419355
1947-02-28,188.892857142857
1947-03-31,183.838709677419
1947-04-30,212.133333333333
1947-05-31,285.032258064516
1947-06-30,232.133333333333
1947-07-31,223.548387096774
1947-08-31,267.354838709677
1947-09-30,239.866666666667
1947-10-31,231.677419354839
1947-11-30,181.3
1947-12-31,164.903225806452
1948-01-31,153.612903225806
1948-02-29,122
1948-03-31,134.258064516129
1948-04-30,268.533333333333
1948-05-31,246.387096774194
1948-06-30,237.5
1948-07-31,201.354838709677
1948-08-31,223.677419354839
1948-09-30,202.933333333333
1948-10-31,192.935483870968
1948-11-30,135.633333333333
1948-12-31,195.290322580645
1949-01-31,168.612903225806
1949-02-28,258.035714285714
1949-03-31,223.032258064516
1949-04-30,208.133333333333
1949-05-31,150.354838709677
1949-06-30,172.366666666667
1949-07-31,178.258064516129
1949-08-31,175.322580645161
1949-09-30,205.833333333333
1949-10-31,186.290322580645
1949-11-30,203.2
1949-12-31,166.58064516129
1950-01-31,143.870967741935
1950-02-28,134.25
1950-03-31,155.387096774194
1950-04-30,160.633333333333
1950-05-31,150.451612903226
1950-06-30,118.333333333333
1950-07-31,128.870967741935
1950-08-31,120.645161290323
1950-09-30,72.6666666666667
1950-10-31,86.9677419354839
1950-11-30,77.7
1950-12-31,76.6774193548387
1951-01-31,85
1951-02-28,84.8214285714286
1951-03-31,79.3225806451613
1951-04-30,131.7
1951-05-31,153.677419354839
1951-06-30,142.4
1951-07-31,87.1612903225806
1951-08-31,86.4516129032258
1951-09-30,117.666666666667
1951-10-31,73.258064516129
1951-11-30,74.2
1951-12-31,64.9677419354839
1952-01-31,57.8709677419355
1952-02-29,32.448275862069
1952-03-31,31.5483870967742
1952-04-30,41.7
1952-05-31,33.6129032258064
1952-06-30,52
1952-07-31,56.0645161290323
1952-08-31,77.7741935483871
1952-09-30,40.4333333333333
1952-10-31,34.1935483870968
1952-11-30,31.8333333333333
1952-12-31,48.8709677419355
1953-01-31,37.8709677419355
1953-02-28,5.89285714285714
1953-03-31,14.6774193548387
1953-04-30,39.6
1953-05-31,18.2903225806452
1953-06-30,31.5
1953-07-31,12.7096774193548
1953-08-31,33.6451612903226
1953-09-30,27.9666666666667
1953-10-31,12.2903225806452
1953-11-30,2.5
1953-12-31,3.93548387096774
1954-01-31,0.354838709677419
1954-02-28,0.785714285714286
1954-03-31,15.8064516129032
1954-04-30,2.66666666666667
1954-05-31,1.19354838709677
1954-06-30,0.366666666666667
1954-07-31,7.25806451612903
1954-08-31,12.6129032258065
1954-09-30,2.3
1954-10-31,10.4516129032258
1954-11-30,13.4
1954-12-31,11.258064516129
1955-01-31,33.4193548387097
1955-02-28,29.8928571428571
1955-03-31,7.29032258064516
1955-04-30,16.4333333333333
1955-05-31,41.2903225806452
1955-06-30,45.1666666666667
1955-07-31,38.1935483870968
1955-08-31,58.0322580645161
1955-09-30,60.8
1955-10-31,83
1955-11-30,126.266666666667
1955-12-31,108.838709677419
1956-01-31,104.129032258065
1956-02-29,175.620689655172
1956-03-31,167.677419354839
1956-04-30,156.733333333333
1956-05-31,193.387096774194
1956-06-30,165.066666666667
1956-07-31,182.741935483871
1956-08-31,240.193548387097
1956-09-30,245.433333333333
1956-10-31,219.935483870968
1956-11-30,285.033333333333
1956-12-31,272
1957-01-31,233.677419354839
1957-02-28,184.464285714286
1957-03-31,222.806451612903
1957-04-30,248.033333333333
1957-05-31,233
1957-06-30,284.333333333333
1957-07-31,265.096774193548
1957-08-31,223.709677419355
1957-09-30,334
1957-10-31,359.387096774194
1957-11-30,298.633333333333
1957-12-31,339
1958-01-31,286.677419354839
1958-02-28,233.607142857143
1958-03-31,270
1958-04-30,277.566666666667
1958-05-31,248.225806451613
1958-06-30,242.866666666667
1958-07-31,270.967741935484
1958-08-31,283.516129032258
1958-09-30,285.066666666667
1958-10-31,256.903225806452
1958-11-30,215.6
1958-12-31,265.677419354839
1959-01-31,307.709677419355
1959-02-28,202.607142857143
1959-03-31,262.967741935484
1959-04-30,231.3
1959-05-31,243.58064516129
1959-06-30,238.9
1959-07-31,211.870967741935
1959-08-31,282.58064516129
1959-09-30,205.566666666667
1959-10-31,157.741935483871
1959-11-30,175.633333333333
1959-12-31,177.096774193548
1960-01-31,207.161290322581
1960-02-29,149.931034482759
1960-03-31,144.645161290323
1960-04-30,172.7
1960-05-31,169.322580645161
1960-06-30,156
1960-07-31,172.41935483871
1960-08-31,189.967741935484
1960-09-30,180.133333333333
1960-10-31,117.258064516129
1960-11-30,126.933333333333
1960-12-31,121.161290322581
1961-01-31,82.1290322580645
1961-02-28,65.3928571428571
1961-03-31,75.1612903225806
1961-04-30,86.8666666666667
1961-05-31,72.258064516129
1961-06-30,109.5
1961-07-31,99.3225806451613
1961-08-31,79.2258064516129
1961-09-30,90.0666666666667
1961-10-31,53.7096774193548
1961-11-30,46.4666666666667
1961-12-31,56.8709677419355
1962-01-31,55.1290322580645
1962-02-28,71.6785714285714
1962-03-31,64.8709677419355
1962-04-30,65.8666666666667
1962-05-31,61.9354838709677
1962-06-30,59.5666666666667
1962-07-31,31.4193548387097
1962-08-31,31.4516129032258
1962-09-30,72.7
1962-10-31,56.0967741935484
1962-11-30,38.8
1962-12-31,33.2258064516129
1963-01-31,28.7096774193548
1963-02-28,35.1785714285714
1963-03-31,24.8387096774194
1963-04-30,41.7333333333333
1963-05-31,61.0967741935484
1963-06-30,51.2333333333333
1963-07-31,28.6774193548387
1963-08-31,47.4516129032258
1963-09-30,55.2333333333333
1963-10-31,50.1290322580645
1963-11-30,33.6666666666667
1963-12-31,21.6451612903226
1964-01-31,22.6129032258065
1964-02-29,25.2758620689655
1964-03-31,24.0645161290323
1964-04-30,12.8666666666667
1964-05-31,14.2903225806452
1964-06-30,13.5333333333333
1964-07-31,4.7741935483871
1964-08-31,13.7741935483871
1964-09-30,7
1964-10-31,9.16129032258065
1964-11-30,11.1
1964-12-31,22.0645161290323
1965-01-31,25.3870967741935
1965-02-28,20.7857142857143
1965-03-31,17.4516129032258
1965-04-30,10.1666666666667
1965-05-31,34.5483870967742
1965-06-30,23.2666666666667
1965-07-31,17.3225806451613
1965-08-31,13.2903225806452
1965-09-30,24.4666666666667
1965-10-31,29.1290322580645
1965-11-30,22.8333333333333
1965-12-31,24.6774193548387
1966-01-31,40.3225806451613
1966-02-28,35.2857142857143
1966-03-31,36.3548387096774
1966-04-30,69
1966-05-31,64.2258064516129
1966-06-30,67.6666666666667
1966-07-31,80.2258064516129
1966-08-31,72.6451612903226
1966-09-30,71.1
1966-10-31,81.1612903225806
1966-11-30,80.9666666666667
1966-12-31,99.7741935483871
1967-01-31,157.032258064516
1967-02-28,132.607142857143
1967-03-31,158.322580645161
1967-04-30,98.4333333333333
1967-05-31,122.516129032258
1967-06-30,95.4
1967-07-31,129.451612903226
1967-08-31,151.774193548387
1967-09-30,108.7
1967-10-31,124.967741935484
1967-11-30,133.6
1967-12-31,178.967741935484
1968-01-31,172.451612903226
1968-02-29,158.48275862069
1968-03-31,130.548387096774
1968-04-30,115
1968-05-31,180
1968-06-30,156.166666666667
1968-07-31,136.193548387097
1968-08-31,154.838709677419
1968-09-30,165.966666666667
1968-10-31,152.548387096774
1968-11-30,121.7
1968-12-31,155.483870967742
1969-01-31,147.774193548387
1969-02-28,170.535714285714
1969-03-31,192.290322580645
1969-04-30,151.133333333333
1969-05-31,169.903225806452
1969-06-30,150.066666666667
1969-07-31,137.129032258065
1969-08-31,138.774193548387
1969-09-30,129.3
1969-10-31,135.387096774194
1969-11-30,132.4
1969-12-31,138.645161290323
1970-01-31,157.870967741935
1970-02-28,180.821428571429
1970-03-31,145.741935483871
1970-04-30,155.066666666667
1970-05-31,180.483870967742
1970-06-30,151.3
1970-07-31,159.290322580645
1970-08-31,131.677419354839
1970-09-30,140.833333333333
1970-10-31,122.645161290323
1970-11-30,134.8
1970-12-31,118.193548387097
1971-01-31,129.225806451613
1971-02-28,111.821428571429
1971-03-31,85.9354838709677
1971-04-30,101.633333333333
1971-05-31,81.5161290322581
1971-06-30,70.6666666666667
1971-07-31,114.709677419355
1971-08-31,87
1971-09-30,71.2666666666667
1971-10-31,73.3548387096774
1971-11-30,89.4666666666667
1971-12-31,116.451612903226
1972-01-31,87
1972-02-29,125.275862068966
1972-03-31,113.516129032258
1972-04-30,89.6333333333333
1972-05-31,113.903225806452
1972-06-30,124.7
1972-07-31,108.258064516129
1972-08-31,108.870967741935
1972-09-30,90.6666666666667
1972-10-31,86.9354838709677
1972-11-30,59.2333333333333
1972-12-31,64.2903225806452
1973-01-31,61.7741935483871
1973-02-28,60.8571428571429
1973-03-31,65.3548387096774
1973-04-30,81.8
1973-05-31,60.258064516129
1973-06-30,56.1333333333333
1973-07-31,33.2258064516129
1973-08-31,36.6129032258064
1973-09-30,84.0666666666667
1973-10-31,43.741935483871
1973-11-30,34.3
1973-12-31,33.3225806451613
1974-01-31,39.3548387096774
1974-02-28,37.25
1974-03-31,30.9032258064516
1974-04-30,57.4666666666667
1974-05-31,56.2903225806452
1974-06-30,51.4666666666667
1974-07-31,79.1290322580645
1974-08-31,47.9032258064516
1974-09-30,57.1666666666667
1974-10-31,67.1612903225806
1974-11-30,35.9
1974-12-31,29.6129032258065
1975-01-31,27.3225806451613
1975-02-28,16.6785714285714
1975-03-31,16.8709677419355
1975-04-30,7.66666666666667
1975-05-31,13.0645161290323
1975-06-30,16.7333333333333
1975-07-31,40.3870967741936
1975-08-31,56.741935483871
1975-09-30,20.3333333333333
1975-10-31,13.5806451612903
1975-11-30,27.9
1975-12-31,11.5806451612903
1976-01-31,11.8709677419355
1976-02-29,6.44827586206897
1976-03-31,31.4516129032258
1976-04-30,27.3333333333333
1976-05-31,18.2258064516129
1976-06-30,17.9333333333333
1976-07-31,2.93548387096774
1976-08-31,24.0967741935484
1976-09-30,19.9666666666667
1976-10-31,29.741935483871
1976-11-30,7.86666666666667
1976-12-31,22.3225806451613
1977-01-31,23.8064516129032
1977-02-28,33.25
1977-03-31,13
1977-04-30,18.9666666666667
1977-05-31,27
1977-06-30,54.9
1977-07-31,30.6129032258065
1977-08-31,43
1977-09-30,62.3666666666667
1977-10-31,62.0645161290323
1977-11-30,41.5666666666667
1977-12-31,61.3870967741936
1978-01-31,73.6774193548387
1978-02-28,132.571428571429
1978-03-31,108.354838709677
1978-04-30,141.233333333333
1978-05-31,117.064516129032
1978-06-30,134.633333333333
1978-07-31,99.6774193548387
1978-08-31,82.4193548387097
1978-09-30,195.666666666667
1978-10-31,177.129032258065
1978-11-30,138.533333333333
1978-12-31,173.870967741935
1979-01-31,235.870967741935
1979-02-28,194.714285714286
1979-03-31,195.290322580645
1979-04-30,143.733333333333
1979-05-31,190.322580645161
1979-06-30,211.7
1979-07-31,225.677419354839
1979-08-31,201.354838709677
1979-09-30,266.9
1979-10-31,263.612903225806
1979-11-30,259.533333333333
1979-12-31,249.612903225806
1980-01-31,226.064516129032
1980-02-29,219.413793103448
1980-03-31,178.677419354839
1980-04-30,232.233333333333
1980-05-31,254.677419354839
1980-06-30,222.666666666667
1980-07-31,192.935483870968
1980-08-31,191.709677419355
1980-09-30,219.566666666667
1980-10-31,233.258064516129
1980-11-30,209.533333333333
1980-12-31,246.935483870968
1981-01-31,156.645161290323
1981-02-28,189.892857142857
1981-03-31,196.645161290323
1981-04-30,225.333333333333
1981-05-31,194.677419354839
1981-06-30,131.6
1981-07-31,205.322580645161
1981-08-31,242.451612903226
1981-09-30,245.266666666667
1981-10-31,216.161290322581
1981-11-30,186.033333333333
1981-12-31,195.387096774194
1982-01-31,149.774193548387
1982-02-28,230.928571428571
1982-03-31,221.064516129032
1982-04-30,170.266666666667
1982-05-31,119.290322580645
1982-06-30,163.733333333333
1982-07-31,139.387096774194
1982-08-31,161.935483870968
1982-09-30,167.366666666667
1982-10-31,134.322580645161
1982-11-30,127.466666666667
1982-12-31,168.967741935484
1983-01-31,115.483870967742
1983-02-28,73.0714285714286
1983-03-31,88.6774193548387
1983-04-30,109.566666666667
1983-05-31,132.516129032258
1983-06-30,131.466666666667
1983-07-31,108.903225806452
1983-08-31,96
1983-09-30,69.9333333333333
1983-10-31,72.5161290322581
1983-11-30,45.6666666666667
1983-12-31,45.6451612903226
1984-01-31,74.8387096774194
1984-02-29,110.172413793103
1984-03-31,116.741935483871
1984-04-30,90.4
1984-05-31,96.8709677419355
1984-06-30,65.1
1984-07-31,55.6774193548387
1984-08-31,34.9677419354839
1984-09-30,22.6
1984-10-31,12.6129032258065
1984-11-30,26.4666666666667
1984-12-31,21.3870967741935
1985-01-31,17.8387096774194
1985-02-28,20.7142857142857
1985-03-31,16.8709677419355
1985-04-30,20.3666666666667
1985-05-31,32.4193548387097
1985-06-30,28.3
1985-07-31,39.9354838709677
1985-08-31,10.1290322580645
1985-09-30,4.33333333333333
1985-10-31,21.9677419354839
1985-11-30,17.8666666666667
1985-12-31,15.8387096774194
1986-01-31,2.7741935483871
1986-02-28,27.8928571428571
1986-03-31,13.8387096774194
1986-04-30,22.4
1986-05-31,16.1290322580645
1986-06-30,0.566666666666667
1986-07-31,18.0967741935484
1986-08-31,9.90322580645161
1986-09-30,5.06666666666667
1986-10-31,40.1290322580645
1986-11-30,15.3666666666667
1986-12-31,5.7741935483871
1987-01-31,9.80645161290323
1987-02-28,3.39285714285714
1987-03-31,17.3870967741935
1987-04-30,46
1987-05-31,39.1290322580645
1987-06-30,18.7666666666667
1987-07-31,38.1612903225806
1987-08-31,47.9354838709677
1987-09-30,42.2
1987-10-31,63.3870967741936
1987-11-30,48.8333333333333
1987-12-31,29.0967741935484
1988-01-31,70.4838709677419
1988-02-29,45.448275862069
1988-03-31,91.1935483870968
1988-04-30,108.766666666667
1988-05-31,74.1612903225806
1988-06-30,124.266666666667
1988-07-31,131.387096774194
1988-08-31,139.41935483871
1988-09-30,142.733333333333
1988-10-31,156.451612903226
1988-11-30,156.766666666667
1988-12-31,231.193548387097
1989-01-31,210.096774193548
1989-02-28,208.678571428571
1989-03-31,170.354838709677
1989-04-30,166.266666666667
1989-05-31,195.41935483871
1989-06-30,284.533333333333
1989-07-31,180.516129032258
1989-08-31,231.967741935484
1989-09-30,225.066666666667
1989-10-31,212.161290322581
1989-11-30,238.166666666667
1989-12-31,211.41935483871
1990-01-31,227.41935483871
1990-02-28,171.821428571429
1990-03-31,191.677419354839
1990-04-30,189.7
1990-05-31,175.193548387097
1990-06-30,153.333333333333
1990-07-31,191.129032258065
1990-08-31,252.096774193548
1990-09-30,169.1
1990-10-31,199.354838709677
1990-11-30,178.833333333333
1990-12-31,197.096774193548
1991-01-31,195.322580645161
1991-02-28,240.25
1991-03-31,196.967741935484
1991-04-30,197.566666666667
1991-05-31,166.903225806452
1991-06-30,224.733333333333
1991-07-31,240.161290322581
1991-08-31,240.774193548387
1991-09-30,168.9
1991-10-31,197.129032258065
1991-11-30,159.533333333333
1991-12-31,212.612903225806
1992-01-31,198.258064516129
1992-02-29,230.689655172414
1992-03-31,150.967741935484
1992-04-30,142.233333333333
1992-05-31,94.2903225806452
1992-06-30,98.5333333333333
1992-07-31,114.225806451613
1992-08-31,91.9032258064516
1992-09-30,93.9666666666667
1992-10-31,133.354838709677
1992-11-30,129.566666666667
1992-12-31,121.967741935484
1993-01-31,81.3870967741936
1993-02-28,127.785714285714
1993-03-31,102.41935483871
1993-04-30,94.4333333333333
1993-05-31,78.7741935483871
1993-06-30,69.6333333333333
1993-07-31,80.4193548387097
1993-08-31,62.5483870967742
1993-09-30,31.1666666666667
1993-10-31,71.0645161290323
1993-11-30,48.1666666666667
1993-12-31,68.3870967741936
1994-01-31,84.8709677419355
1994-02-28,54.8571428571429
1994-03-31,47.4516129032258
1994-04-30,27.3666666666667
1994-05-31,29.8064516129032
1994-06-30,39.7
1994-07-31,50.5806451612903
1994-08-31,34.3225806451613
1994-09-30,40.4666666666667
1994-10-31,67.1290322580645
1994-11-30,29.4666666666667
1994-12-31,32.1935483870968
1995-01-31,32.6129032258064
1995-02-28,45.8214285714286
1995-03-31,46.3225806451613
1995-04-30,21.6
1995-05-31,19.3870967741935
1995-06-30,22.5
1995-07-31,20.3870967741935
1995-08-31,18.2258064516129
1995-09-30,15.7
1995-10-31,30.6129032258065
1995-11-30,13.9666666666667
1995-12-31,14.9032258064516
1996-01-31,13.3225806451613
1996-02-29,7.68965517241379
1996-03-31,12.6129032258065
1996-04-30,6.76666666666667
1996-05-31,7.61290322580645
1996-06-30,16.5
1996-07-31,11.8064516129032
1996-08-31,19.6774193548387
1996-09-30,3.03333333333333
1996-10-31,0.67741935483871
1996-11-30,24.9333333333333
1996-12-31,14
1997-01-31,7.41935483870968
1997-02-28,11
1997-03-31,12.0967741935484
1997-04-30,23
1997-05-31,25.3870967741935
1997-06-30,20.7666666666667
1997-07-31,12.8709677419355
1997-08-31,35.7096774193548
1997-09-30,59.7333333333333
1997-10-31,32.8064516129032
1997-11-30,50.4333333333333
1997-12-31,55.5161290322581
1998-01-31,44.5161290322581
1998-02-28,50.2142857142857
1998-03-31,82
1998-04-30,70.5666666666667
1998-05-31,74
1998-06-30,90.5333333333333
1998-07-31,96.6774193548387
1998-08-31,121.064516129032
1998-09-30,132.033333333333
1998-10-31,78.4838709677419
1998-11-30,97.3333333333333
1998-12-31,119.193548387097
1999-01-31,86
1999-02-28,98
1999-03-31,103.548387096774
1999-04-30,93.5666666666667
1999-05-31,149.612903225806
1999-06-30,207.2
1999-07-31,173.516129032258
1999-08-31,142.322580645161
1999-09-30,106.3
1999-10-31,168.741935483871
1999-11-30,188.266666666667
1999-12-31,116.774193548387
2000-01-31,133.096774193548
2000-02-29,165.655172413793
2000-03-31,217.741935483871
2000-04-30,191.5
2000-05-31,165.903225806452
2000-06-30,188.033333333333
2000-07-31,244.322580645161
2000-08-31,180.451612903226
2000-09-30,156.033333333333
2000-10-31,141.58064516129
2000-11-30,158.1
2000-12-31,143.290322580645
2001-01-31,142.612903225806
2001-02-28,121.464285714286
2001-03-31,165.806451612903
2001-04-30,161.7
2001-05-31,142.096774193548
2001-06-30,202.933333333333
2001-07-31,122.967741935484
2001-08-31,161.516129032258
2001-09-30,238.166666666667
2001-10-31,194.064516129032
2001-11-30,176.566666666667
2001-12-31,213.41935483871
2002-01-31,184.645161290323
2002-02-28,170.178571428571
2002-03-31,147.096774193548
2002-04-30,186.933333333333
2002-05-31,187.483870967742
2002-06-30,128.766666666667
2002-07-31,161
2002-08-31,175.612903225806
2002-09-30,187.866666666667
2002-10-31,151.193548387097
2002-11-30,147.166666666667
2002-12-31,135.322580645161
2003-01-31,133.451612903226
2003-02-28,75.6785714285714
2003-03-31,100.709677419355
2003-04-30,97.8666666666667
2003-05-31,86.8387096774194
2003-06-30,118.7
2003-07-31,128.322580645161
2003-08-31,115.387096774194
2003-09-30,78.4666666666667
2003-10-31,97.8387096774194
2003-11-30,82.9
2003-12-31,72.2258064516129
2004-01-31,60.6129032258064
2004-02-29,74.6206896551724
2004-03-31,74.7741935483871
2004-04-30,59.2333333333333
2004-05-31,72.8064516129032
2004-06-30,66.5
2004-07-31,83.8387096774194
2004-08-31,69.741935483871
2004-09-30,48.7666666666667
2004-10-31,74.1612903225806
2004-11-30,70.1
2004-12-31,28.9354838709677
2005-01-31,48.0645161290323
2005-02-28,43.5357142857143
2005-03-31,39.6451612903226
2005-04-30,38.7333333333333
2005-05-31,61.9354838709677
2005-06-30,56.7666666666667
2005-07-31,62.3870967741936
2005-08-31,60.4838709677419
2005-09-30,37.2
2005-10-31,13.1612903225806
2005-11-30,27.5
2005-12-31,59.258064516129
2006-01-31,20.9032258064516
2006-02-28,5.71428571428571
2006-03-31,17.2903225806452
2006-04-30,50.2666666666667
2006-05-31,37.2258064516129
2006-06-30,24.5
2006-07-31,22.1612903225806
2006-08-31,20.7741935483871
2006-09-30,23.7
2006-10-31,14.8709677419355
2006-11-30,35.7
2006-12-31,22.3225806451613
2007-01-31,29.258064516129
2007-02-28,18.4285714285714
2007-03-31,7.19354838709677
2007-04-30,5.43333333333333
2007-05-31,19.5483870967742
2007-06-30,21.3333333333333
2007-07-31,15.0967741935484
2007-08-31,9.7741935483871
2007-09-30,4.03333333333333
2007-10-31,1.51612903225806
2007-11-30,2.83333333333333
2007-12-31,17.2903225806452
2008-01-31,4.12903225806452
2008-02-29,2.86206896551724
2008-03-31,15.5483870967742
2008-04-30,3.6
2008-05-31,4.58064516129032
2008-06-30,5.16666666666667
2008-07-31,0.612903225806452
2008-08-31,0.32258064516129
2008-09-30,1.16666666666667
2008-10-31,4.16129032258065
2008-11-30,6.63333333333333
2008-12-31,1.03225806451613
2009-01-31,1.32258064516129
2009-02-28,1.17857142857143
2009-03-31,0.645161290322581
2009-04-30,1.23333333333333
2009-05-31,2.93548387096774
2009-06-30,6.3
2009-07-31,5.51612903225806
2009-08-31,0
2009-09-30,7.1
2009-10-31,7.67741935483871
2009-11-30,6.86666666666667
2009-12-31,16.3225806451613
2010-01-31,19.4516129032258
2010-02-28,28.5
2010-03-31,23.9677419354839
2010-04-30,10.3666666666667
2010-05-31,13.9032258064516
2010-06-30,18.8
2010-07-31,25.2258064516129
2010-08-31,29.6451612903226
2010-09-30,36.3666666666667
2010-10-31,33.6451612903226
2010-11-30,34.3666666666667
2010-12-31,24.5483870967742
2011-01-31,27.3225806451613
2011-02-28,48.2857142857143
2011-03-31,78.6451612903226
2011-04-30,76.1
2011-05-31,58.1935483870968
2011-06-30,56.0666666666667
2011-07-31,64.5161290322581
2011-08-31,65.8387096774194
2011-09-30,120.133333333333
2011-10-31,125.677419354839
2011-11-30,139.066666666667
2011-12-31,109.290322580645
2012-01-31,94.4193548387097
2012-02-29,47.7586206896552
2012-03-31,86.6451612903226
2012-04-30,85.9
2012-05-31,96.4838709677419
2012-06-30,91.9666666666667
2012-07-31,100.129032258065
2012-08-31,94.7741935483871
2012-09-30,93.7
2012-10-31,76.5483870967742
2012-11-30,87.6333333333333
2012-12-31,56.8064516129032
2013-01-31,96.0645161290323
2013-02-28,60.9285714285714
2013-03-31,78.3225806451613
2013-04-30,107.333333333333
2013-05-31,120.161290322581
2013-06-30,76.7
2013-07-31,86.1612903225806
2013-08-31,91.7741935483871
2013-09-30,54.4666666666667
2013-10-31,114.354838709677
2013-11-30,113.866666666667
2013-12-31,124.161290322581
2014-01-31,116.967741935484
2014-02-28,146.071428571429
2014-03-31,128.741935483871
2014-04-30,112.466666666667
2014-05-31,112.451612903226
2014-06-30,102.866666666667
2014-07-31,100.193548387097
2014-08-31,106.935483870968
2014-09-30,130
2014-10-31,89.9677419354839
2014-11-30,103.633333333333
2014-12-31,112.870967741935
2015-01-31,93.0322580645161
2015-02-28,66.7142857142857
2015-03-31,54.5483870967742
2015-04-30,75.3333333333333
2015-05-31,88.8387096774194
2015-06-30,66.4666666666667
2015-07-31,65.8387096774194
2015-08-31,64.4193548387097
2015-09-30,78.5666666666667
2015-10-31,63.6451612903226
2015-11-30,62.1666666666667
2015-12-31,58.0322580645161
2016-01-31,56.9677419354839
2016-02-29,56.3793103448276
2016-03-31,54.0645161290323
2016-04-30,37.9
2016-05-31,51.5161290322581
2016-06-30,20.5333333333333
2016-07-31,32.3548387096774
2016-08-31,50.1612903225806
2016-09-30,44.6333333333333
2016-10-31,33.4193548387097
2016-11-30,21.4
2016-12-31,18.4838709677419
2017-01-31,26.0645161290323
2017-02-28,26.4285714285714
2017-03-31,17.6774193548387
2017-04-30,32.3
2017-05-31,18.9354838709677
2017-06-30,19.2333333333333
2017-07-31,17.8064516129032
2017-08-31,32.5806451612903
2017-09-30,43.7
2017-10-31,13.1935483870968
2017-11-30,5.7
2017-12-31,8.16129032258065
2018-01-31,6.80645161290323
2018-02-28,10.6785714285714
2018-03-31,2.45161290322581
2018-04-30,8.93333333333333
2018-05-31,13.1290322580645
2018-06-30,15.5666666666667
2018-07-31,1.61290322580645
2018-08-31,8.7741935483871
2018-09-30,3.3
2018-10-31,4.90322580645161
2018-11-30,5.93333333333333
